Money Available,Last Name,Password,Tickets Purchased,TicketMiner Membership,First Name,ID,Username
5999.17,Henry,Fun!23,0,false,Lawrence,673,henrylawrence
5967.47,Hunter,Fun!23,5,true,William,275,hunterwilliam
5887.41,Cummings,Fun!23,3,false,Michele,395,cummingsmichele
5989.2,Best,Fun!23,0,true,Jeffrey,705,bestjeffrey
5989.03,Disney,Fun!23,0,false,Goofy,4,goofydisney
5970.58,Horne,Fun!23,0,true,Noah,530,hornenoah
5968.49,Ellis,Fun!23,0,false,Keith,403,elliskeith
5966.73,Vazquez,Fun!23,0,false,Eric,198,vazquezeric
5963.63,Petersen,Fun!23,0,true,Carmen,996,petersencarmen
5958.62,Ortiz,Fun!23,0,true,Keith,196,ortizkeith
5955.62,Carney,Fun!23,0,true,Angela,752,carneyangela
5954.37,Giles,Fun!23,0,false,Cynthia,694,gilescynthia
5951.81,DiazCaraveo,Fun!23,0,true,Cesar,52,diazcaraveocesar
5949.44,Anderson,Fun!23,0,true,Jessica,499,andersonjessica
5944.65,Bryant,Fun!23,0,true,Douglas,742,bryantdouglas
5942.68,Padilla,Fun!23,0,false,Brooke,264,padillabrooke
5941.98,Davis,Fun!23,0,true,Tanya,280,davistanya
5930.59,Sawyer,Fun!23,0,true,Kendra,1047,sawyerkendra
5930.31,Brady,Fun!23,0,true,Emily,447,bradyemily
5927.0,Dixon,Fun!23,0,true,Terrence,981,dixonterrence
5925.8,Glenn,Fun!23,0,false,Patricia,353,glennpatricia
5915.48,Johnson,Fun!23,0,true,David,1011,johnsondavid
5913.88,Chaney,Fun!23,0,true,Philip,466,chaneyphilip
5908.75,Smith,Fun!23,0,false,Jessica,1037,smithjessica
5903.15,Hudson,Fun!23,0,true,Crystal,118,hudsoncrystal
5893.97,Clark,Fun!23,0,true,Theresa,588,clarktheresa
5888.91,Davis,Fun!23,0,false,Tiffany,532,davistiffany
5885.29,Dalton,Fun!23,0,false,Anthony,469,daltonanthony
5883.51,English,Fun!23,0,false,Angela,1041,englishangela
5882.42,Solomon,Fun!23,0,true,Luis,993,solomonluis
5877.49,Beltran,Fun!23,0,true,Gerald,569,beltrangerald
5874.23,Jones,Fun!23,0,false,Ashley,251,jonesashley
5820.67,Lynch,Fun!23,3,false,Carlos,1021,lynchcarlos
5862.57,Lopez,Fun!23,0,true,April,923,lopezapril
5861.98,Davis,Fun!23,0,false,Joseph,895,davisjoseph
5860.18,Rodriguez,Fun!23,0,false,Tara,459,rodrigueztara
5803.89,Morse,Fun!23,2,true,Amy,904,morseamy
5857.56,Chapman,Fun!23,0,false,Mary,520,chapmanmary
5856.5,Gutierrez,Fun!23,0,true,Anna,247,gutierrezanna
5855.29,Castillo,Fun!23,0,true,Sharon,950,castillosharon
5855.07,Costa,Fun!23,0,true,David,587,costadavid
5853.05,Marquez,Fun!23,0,true,Jeffrey,254,marquezjeffrey
5843.9,Holden,Fun!23,0,false,Chris,268,holdenchris
5841.32,Mills,Fun!23,0,false,Jennifer,522,millsjennifer
5840.28,Wolfe,Fun!23,0,true,Jason,336,wolfejason
5836.63,Smith,Fun!23,0,true,Kenneth,362,smithkenneth
5756.91,Jones,Fun!23,4,true,Jennifer,825,jonesjennifer
5812.98,Scott,Fun!23,0,true,Kevin,342,scottkevin
5810.85,Kent,Fun!23,0,false,Tanya,402,kenttanya
5807.28,Evans,Fun!23,0,false,Tyler,939,evanstyler
5806.48,Powell,Fun!23,0,true,Cynthia,596,powellcynthia
5805.37,Smith,Fun!23,0,true,Dennis,753,smithdennis
5803.95,Gates,Fun!23,0,false,Brian,611,gatesbrian
5800.92,Ellis,Fun!23,0,true,Christine,699,ellischristine
5800.16,Mcdonald,Fun!23,0,false,Katherine,959,mcdonaldkatherine
5792.3,Rowland,Fun!23,0,false,Nicole,205,rowlandnicole
5788.5,Campbell,Fun!23,0,true,Zachary,997,campbellzachary
5788.24,Disney,Fun!23,0,false,Aladdin,11,aladdindisney
5779.9,Disney,Fun!23,0,false,Woody,16,woodydisney
5766.42,Humphrey,Fun!23,0,true,Susan,265,humphreysusan
5764.84,Shepherd,Fun!23,0,true,Amanda,340,shepherdamanda
5758.61,Sanders,Fun!23,0,false,Thomas,715,sandersthomas
5757.77,Blackwell,Fun!23,0,false,Sandy,756,blackwellsandy
5684.45,King,Fun!23,3,false,Kylie,946,kingkylie
5749.35,Gutierrez,Fun!23,0,true,Ian,62,gutierrezian
5746.88,Queen,Fun!23,0,true,Evil,29,evilqueen
5740.7,Mathis,Fun!23,0,false,Brett,954,mathisbrett
5740.0,Sloan,Fun!23,0,false,Jeffrey,351,sloanjeffrey
5738.34,Green,Fun!23,0,true,Chad,830,greenchad
5736.45,Mcdonald,Fun!23,0,false,Melissa,660,mcdonaldmelissa
5725.53,Harvey,Fun!23,0,true,David,609,harveydavid
5723.04,Mccormick,Fun!23,0,false,Melissa,113,mccormickmelissa
5720.1,Jones,Fun!23,0,true,Tiffany,768,jonestiffany
5719.72,Summers,Fun!23,0,true,Kara,925,summerskara
5719.19,Lion,Fun!23,0,false,Scar,23,scarlion
5598.71,Anderson,Fun!23,5,false,Sarah,606,andersonsarah
5713.5,Hughes,Fun!23,0,true,Janet,626,hughesjanet
5712.02,Conley,Fun!23,0,false,Amber,952,conleyamber
5712.01,Douglas,Fun!23,0,false,Brenda,325,douglasbrenda
5709.03,Smith,Fun!23,0,true,Kathy,796,smithkathy
5707.71,Welch,Fun!23,0,false,Joel,570,welchjoel
5432.1,Hickman,Fun!23,8,false,Joshua,733,hickmanjoshua
5702.84,Young,Fun!23,0,true,Crystal,645,youngcrystal
5699.0,Lewis,Fun!23,0,true,Joseph,244,lewisjoseph
5696.42,Tran,Fun!23,0,false,Donald,647,trandonald
5695.51,Brooks,Fun!23,0,true,Todd,152,brookstodd
5687.58,MestaValenzuela,Fun!23,0,true,Natalia,74,mestavalenzuelanatalia
5682.47,Cline,Fun!23,0,false,Sarah,615,clinesarah
5665.41,Fitzgerald,Fun!23,0,true,Tracy,795,fitzgeraldtracy
5658.3,Andrews,Fun!23,0,false,Brian,133,andrewsbrian
5654.85,Walker,Fun!23,0,true,Christina,178,walkerchristina
5654.28,Osborne,Fun!23,0,false,Christopher,641,osbornechristopher
5652.14,Morton,Fun!23,0,true,Michael,529,mortonmichael
5646.81,Gaytan,Fun!23,0,true,Isabella,39,isabellagaytan
5473.17,Perez,Fun!23,4,true,Kathryn,228,perezkathryn
5620.15,Evans,Fun!23,0,true,Melissa,913,evansmelissa
5609.29,Webster,Fun!23,0,true,Lindsay,331,websterlindsay
5596.7,Mejia,Fun!23,0,false,Daniel,37,danielmejia
5596.52,Jones,Fun!23,0,false,Shelly,1044,jonesshelly
5581.28,Robles,Fun!23,0,false,Linda,616,robleslinda
5576.78,Harrison,Fun!23,0,true,Vincent,970,harrisonvincent
5570.32,Mcdaniel,Fun!23,0,false,Penny,910,mcdanielpenny
5536.96,Scott,Fun!23,2,true,Jared,754,scottjared
5443.8,Ruiz,Fun!23,5,false,Salvador,89,ruizsalvador
5557.79,Brock,Fun!23,0,true,Juan,847,brockjuan
5551.39,Fernandez,Fun!23,0,true,Jessica,408,fernandezjessica
5546.64,Lloyd,Fun!23,0,false,Nicole,860,lloydnicole
5544.93,Mason,Fun!23,0,true,Miranda,719,masonmiranda
5543.34,Villanueva,Fun!23,0,true,Christina,891,villanuevachristina
5536.9,Andrews,Fun!23,0,true,Brittany,103,andrewsbrittany
5527.43,Lopez,Fun!23,0,false,Jon,455,lopezjon
5522.09,Daniel,Fun!23,2,true,Brittney,757,danielbrittney
5521.42,Morris,Fun!23,0,true,John,437,morrisjohn
5514.32,White,Fun!23,0,true,Victoria,846,whitevictoria
5509.82,Johnson,Fun!23,0,false,Amanda,922,johnsonamanda
5500.95,Beck,Fun!23,0,false,Krista,976,beckkrista
5499.58,Wise,Fun!23,0,false,Bryan,879,wisebryan
5498.56,Davila,Fun!23,0,false,David,452,daviladavid
5497.32,Evans,Fun!23,0,false,Jennifer,776,evansjennifer
5481.45,Cox,Fun!23,0,true,David,658,coxdavid
5475.44,Davis,Fun!23,0,true,Kenneth,690,daviskenneth
5473.25,Holden,Fun!23,0,true,Shannon,186,holdenshannon
5468.53,Parks,Fun!23,0,true,Andrew,210,parksandrew
5467.17,Hawkins,Fun!23,0,true,Justin,903,hawkinsjustin
5456.93,Maynard,Fun!23,0,true,Michelle,813,maynardmichelle
5455.97,Bernard,Fun!23,0,false,Timothy,702,bernardtimothy
5455.75,Griffin,Fun!23,0,false,Sarah,691,griffinsarah
5445.01,Gonzalez,Fun!23,0,false,Mark,871,gonzalezmark
5416.72,Ramirez,Fun!23,0,false,Jessica,653,ramirezjessica
5416.54,Dunn,Fun!23,0,false,Carolyn,884,dunncarolyn
5409.66,Mitchell,Fun!23,0,true,James,1026,mitchelljames
5407.84,Higgins,Fun!23,0,true,Brett,888,higginsbrett
5198.25,Morales,Fun!23,7,false,Denise,318,moralesdenise
5395.44,Parrish,Fun!23,0,true,Rick,618,parrishrick
5394.45,Lee,Fun!23,0,false,Mark,230,leemark
5387.68,Huerta,Fun!23,0,false,Jazmin,64,huertajazmin
5381.48,Brown,Fun!23,0,true,Amber,368,brownamber
5376.62,Rodriguez,Fun!23,0,false,Jeffrey,763,rodriguezjeffrey
5375.28,Adams,Fun!23,0,true,Anthony,721,adamsanthony
5365.06,Davis,Fun!23,0,true,Karl,867,daviskarl
5363.43,Page,Fun!23,0,false,Heidi,566,pageheidi
5361.23,Johnson,Fun!23,0,true,Taylor,1042,johnsontaylor
5357.13,Fox,Fun!23,0,false,Michael,495,foxmichael
5351.98,Williams,Fun!23,0,false,Jennifer,171,williamsjennifer
5350.15,Thomas,Fun!23,0,false,Tammy,1013,thomastammy
5338.52,Joseph,Fun!23,0,false,Angel,379,josephangel
5336.79,Hunt,Fun!23,0,false,Deborah,358,huntdeborah
5331.83,Mcdonald,Fun!23,0,false,Stephanie,105,mcdonaldstephanie
5330.6,Bennett,Fun!23,0,false,Linda,179,bennettlinda
5329.48,Hall,Fun!23,0,true,Andrew,1010,hallandrew
5324.12,Gutierrez,Fun!23,0,false,Julian,492,gutierrezjulian
5323.0,Mouse,Fun!23,0,true,Mickey,1,mickeymouse
5315.01,Sanchez,Fun!23,0,false,Anthony,176,sanchezanthony
5312.87,Ray,Fun!23,0,false,Brittany,237,raybrittany
5309.83,Hernandez,Fun!23,0,false,Steven,519,hernandezsteven
5303.06,Johnson,Fun!23,0,false,Roberto,67,johnsonroberto
5297.23,Disney,Fun!23,0,true,Ariel,9,arieldisney
5282.79,Campos,Fun!23,0,false,Andrew,245,camposandrew
5277.57,Park,Fun!23,0,false,Dana,931,parkdana
5277.4,Stanton,Fun!23,0,true,Sarah,842,stantonsarah
5274.82,Castillo,Fun!23,0,false,Michael,409,castillomichael
5273.32,Williamson,Fun!23,0,true,Jeremiah,383,williamsonjeremiah
5140.54,Ray,Fun!23,5,true,Jeff,598,rayjeff
5271.4,Stein,Fun!23,0,false,Anita,413,steinanita
5269.0,Evans,Fun!23,0,false,Jose,498,evansjose
5263.99,Clark,Fun!23,0,false,David,906,clarkdavid
5263.92,Macias,Fun!23,0,true,Theresa,309,maciastheresa
5260.3,Bell,Fun!23,0,false,Bradley,584,bellbradley
5255.82,Jones,Fun!23,0,false,Cesar,227,jonescesar
5167.719999999999,Elliott,Fun!23,6,true,Tonya,1028,elliotttonya
5254.06,Norris,Fun!23,0,true,Christopher,125,norrischristopher
5251.88,Byrd,Fun!23,0,false,Cory,1045,byrdcory
5247.1,Sepulveda,Fun!23,0,false,Fernando,91,sepulvedafernando
5245.77,Frye,Fun!23,0,true,Ashley,955,fryeashley
5235.09,Mcconnell,Fun!23,0,true,Ryan,308,mcconnellryan
5232.98,Disney,Fun!23,0,false,Lilo,35,lilodisney
5232.19,Alvarez,Fun!23,0,true,Susan,222,alvarezsusan
5224.99,Nouri,Fun!23,0,false,Alireza,38,alirezanouri
5223.6,Neal,Fun!23,0,true,Brandon,433,nealbrandon
5217.42,Wilson,Fun!23,0,false,Alexander,859,wilsonalexander
5215.49,Flores,Fun!23,0,true,Brandon,667,floresbrandon
5212.42,Christensen,Fun!23,0,true,Keith,792,christensenkeith
5211.65,Gonzalez,Fun!23,0,true,Mary,695,gonzalezmary
5209.84,Robinson,Fun!23,0,false,Christopher,671,robinsonchristopher
5206.92,Lara,Fun!23,0,true,Devin,70,laradevin
5204.87,Stanton,Fun!23,0,false,Wendy,476,stantonwendy
5203.48,Bowman,Fun!23,0,true,Ryan,556,bowmanryan
5199.48,Snyder,Fun!23,0,false,Marcia,843,snydermarcia
5181.39,Stewart,Fun!23,0,false,Teresa,720,stewartteresa
5181.26,Matthews,Fun!23,0,true,Diana,571,matthewsdiana
5176.8,Walsh,Fun!23,0,true,Michelle,632,walshmichelle
5174.11,Mora,Fun!23,0,false,Sherry,873,morasherry
5170.77,Estes,Fun!23,0,true,Emily,818,estesemily
5167.8,Wagner,Fun!23,0,false,Bridget,223,wagnerbridget
5158.6,Fields,Fun!23,0,false,Bryan,784,fieldsbryan
5156.2,Rodriguez,Fun!23,0,true,Bradley,311,rodriguezbradley
5147.12,Mccormick,Fun!23,0,false,Michael,746,mccormickmichael
5145.81,Hall,Fun!23,0,true,Lori,675,halllori
5142.65,Johnson,Fun!23,0,false,Timothy,799,johnsontimothy
5129.37,Gaines,Fun!23,0,false,Lisa,323,gaineslisa
5128.37,Martinez,Fun!23,0,false,Michael,548,martinezmichael
5128.21,Moss,Fun!23,0,true,Haley,172,mosshaley
5127.97,Fleming,Fun!23,0,false,Craig,840,flemingcraig
5127.35,Carlson,Fun!23,0,true,Felicia,829,carlsonfelicia
5117.4,Craig,Fun!23,0,true,Monica,755,craigmonica
5114.25,Ayala,Fun!23,0,true,Rafael,44,ayalarafael
5106.9,Smith,Fun!23,0,false,Jerry,624,smithjerry
5101.88,Bender,Fun!23,0,false,Dakota,370,benderdakota
5095.25,Torres,Fun!23,0,false,Andrew,592,torresandrew
5089.39,Jaquez,Fun!23,0,false,Jorge,66,jaquezjorge
5083.92,Robles,Fun!23,0,false,Nancy,536,roblesnancy
5081.46,Johnson,Fun!23,0,true,Beverly,129,johnsonbeverly
5073.45,Dunn,Fun!23,0,true,Jacqueline,293,dunnjacqueline
5066.23,Dominguez,Fun!23,0,false,Christopher,372,dominguezchristopher
5059.78,Miller,Fun!23,0,true,Kimberly,941,millerkimberly
5057.69,Jones,Fun!23,0,true,Sarah,677,jonessarah
5030.63,Sandoval,Fun!23,0,false,Jorge,90,sandovaljorge
4957.29,Lane,Fun!23,3,false,Barbara,575,lanebarbara
4931.139999999999,Bennett,Fun!23,4,false,Patrick,793,bennettpatrick
5013.86,Brooks,Fun!23,0,false,Anthony,602,brooksanthony
5004.67,Kent,Fun!23,0,false,Ronald,348,kentronald
4925.24,Underwood,Fun!23,4,true,Christopher,743,underwoodchristopher
4999.69,Williamson,Fun!23,0,false,Wesley,711,williamsonwesley
4999.17,Disney,Fun!23,0,true,Kaa,28,kaadisney
4999.0,Berg,Fun!23,0,false,Rodney,565,bergrodney
4992.82,Gardner,Fun!23,0,false,Teresa,666,gardnerteresa
4981.72,Burton,Fun!23,0,true,Samuel,986,burtonsamuel
4967.75,Anderson,Fun!23,0,false,Mary,974,andersonmary
4967.24,West,Fun!23,0,true,Sara,990,westsara
4907.9400000000005,Haley,Fun!23,2,false,Jorge,730,haleyjorge
4954.22,Jones,Fun!23,0,false,Michelle,277,jonesmichelle
4937.56,Banks,Fun!23,0,false,Joshua,724,banksjoshua
4829.99,Washington,Fun!23,6,false,Mark,892,washingtonmark
4926.99,Buckley,Fun!23,0,false,Kim,204,buckleykim
4924.49,Coleman,Fun!23,0,true,Nathan,190,colemannathan
4923.14,Baker,Fun!23,0,false,Gerald,458,bakergerald
4759.34,Case,Fun!23,6,true,Erik,252,caseerik
4909.24,Odom,Fun!23,0,false,Christian,77,odomchristian
4892.94,Mcclure,Fun!23,0,true,Andrew,621,mcclureandrew
4892.24,Williams,Fun!23,0,true,Stephanie,896,williamsstephanie
4891.11,Castillo,Fun!23,0,true,Elizabeth,814,castilloelizabeth
4885.39,Ramirez,Fun!23,0,true,Jasmine,313,ramirezjasmine
4885.15,Lewis,Fun!23,0,false,Sheila,220,lewissheila
4881.79,Wagner,Fun!23,0,true,Timothy,1034,wagnertimothy
4879.0,Moran,Fun!23,0,false,Michael,167,moranmichael
4875.55,Wolf,Fun!23,0,true,William,364,wolfwilliam
4870.41,Anderson,Fun!23,0,true,James,661,andersonjames
4858.31,Hart,Fun!23,0,false,Nicole,759,hartnicole
4851.39,Wyatt,Fun!23,0,true,Paula,138,wyattpaula
4847.94,Guerra,Fun!23,0,true,Kevin,61,guerrakevin
4844.3,Holt,Fun!23,0,true,Melissa,1015,holtmelissa
4843.89,Armstrong,Fun!23,0,false,Sherri,636,armstrongsherri
4842.09,Harris,Fun!23,0,false,Kelly,560,harriskelly
4822.76,Clark,Fun!23,0,false,Bruce,508,clarkbruce
4821.57,Williams,Fun!23,0,false,Denise,350,williamsdenise
4728.96,Velasquez,Fun!23,3,false,Sherri,544,velasquezsherri
4810.59,Rodriguez,Fun!23,0,false,Elizabeth,948,rodriguezelizabeth
4802.95,Brown,Fun!23,2,false,Richard,188,brownrichard
4800.67,Mcdonald,Fun!23,0,true,Travis,119,mcdonaldtravis
4800.48,Bennett,Fun!23,0,false,Carrie,377,bennettcarrie
4798.59,Wilson,Fun!23,0,true,Cheryl,333,wilsoncheryl
4745.14,Villegas,Fun!23,2,true,Stephen,307,villegasstephen
4792.52,Gomez,Fun!23,0,false,Joshua,854,gomezjoshua
4785.29,Murray,Fun!23,0,true,Michael,450,murraymichael
4774.82,Tran,Fun!23,0,true,Kevin,851,trankevin
4772.41,Howell,Fun!23,0,true,Samantha,206,howellsamantha
4771.07,Disney,Fun!23,0,true,Pinocchio,30,pinocchiodisney
4742.490000000001,Miller,Fun!23,2,false,Amanda,216,milleramanda
4754.0,Ellis,Fun!23,0,true,Stephen,130,ellisstephen
4748.42,Baker,Fun!23,0,false,Darin,607,bakerdarin
4741.41,Carson,Fun!23,0,true,Anthony,633,carsonanthony
4653.33,Robinson,Fun!23,2,false,Joseph,880,robinsonjoseph
4740.15,Pittman,Fun!23,0,false,James,185,pittmanjames
4737.69,Peters,Fun!23,0,true,Stephen,1036,petersstephen
4728.76,Vasquez,Fun!23,0,true,Rachel,155,vasquezrachel
4728.54,Soto,Fun!23,0,true,David,416,sotodavid
4728.36,Sullivan,Fun!23,0,true,Monica,992,sullivanmonica
4719.05,Davis,Fun!23,0,false,Anna,693,davisanna
4713.63,Disney,Fun!23,0,true,Mulan,34,mulandisney
4598.76,Fritz,Fun!23,4,true,Joseph,832,fritzjoseph
4694.34,Tran,Fun!23,0,false,Courtney,555,trancourtney
4685.05,Ayala,Fun!23,0,false,George,809,ayalageorge
4683.39,Harrison,Fun!23,0,false,Erica,110,harrisonerica
4682.25,Fletcher,Fun!23,0,true,Anita,761,fletcheranita
4664.69,Medina,Fun!23,0,false,Sean,150,medinasean
4661.12,Sutton,Fun!23,0,true,Sandra,876,suttonsandra
4657.78,Jenkins,Fun!23,0,false,Alicia,393,jenkinsalicia
4649.48,Chang,Fun!23,0,false,Allison,284,changallison
4649.14,Johnson,Fun!23,0,false,Courtney,347,johnsoncourtney
4645.48,Miller,Fun!23,0,true,Ann,696,millerann
4633.83,Contreras,Fun!23,0,false,Valeria,51,contrerasvaleria
4609.43,Disney,Fun!23,0,true,Simba,12,simbadisney
4597.1,Hart,Fun!23,0,true,Rachel,774,hartrachel
4594.72,Gomez,Fun!23,0,true,Derek,59,gomezderek
4592.7,Blair,Fun!23,0,false,John,709,blairjohn
4592.15,Craig,Fun!23,0,true,Kim,1025,craigkim
4410.58,Noble,Fun!23,6,true,Megan,134,noblemegan
4587.87,Morgan,Fun!23,0,true,Kayla,463,morgankayla
4585.95,Ortega,Fun!23,0,false,Christopher,921,ortegachristopher
4585.87,Harrison,Fun!23,0,true,Kevin,866,harrisonkevin
4563.57,White,Fun!23,0,false,Michael,193,whitemichael
4562.91,Obrien,Fun!23,0,false,Theresa,116,obrientheresa
4545.31,Mitchell,Fun!23,0,true,Maria,306,mitchellmaria
4533.7,Williams,Fun!23,0,false,Laura,1016,williamslaura
4531.67,Harvey,Fun!23,0,true,Nicole,297,harveynicole
4519.63,Owens,Fun!23,0,true,Rita,441,owensrita
4512.94,Harris,Fun!23,0,true,Kimberly,1040,harriskimberly
4511.45,Evans,Fun!23,0,true,William,561,evanswilliam
4511.38,Jones,Fun!23,3,true,John,739,jonesjohn
4504.82,Johnson,Fun!23,0,true,Crystal,338,johnsoncrystal
4503.09,Peters,Fun!23,0,false,Lisa,868,peterslisa
4498.16,Ramos,Fun!23,0,false,Mark,197,ramosmark
4493.99,Romero,Fun!23,0,false,James,272,romerojames
4489.01,Johnson,Fun!23,0,false,Benjamin,355,johnsonbenjamin
4472.04,Fox,Fun!23,0,false,Alexandra,471,foxalexandra
4465.87,Rodriguez,Fun!23,0,true,Douglas,124,rodriguezdouglas
4461.69,Zimmerman,Fun!23,0,false,Renee,187,zimmermanrenee
4454.74,Ponce,Fun!23,0,true,Ruth,935,ponceruth
4439.98,Bradley,Fun!23,0,false,Renee,121,bradleyrenee
4435.19,Khan,Fun!23,0,true,Shere,26,sherekhan
4432.37,Miller,Fun!23,0,false,Lisa,687,millerlisa
4324.17,Robertson,Fun!23,6,true,Barbara,261,robertsonbarbara
4427.35,Espinoza,Fun!23,0,false,Craig,174,espinozacraig
4426.51,Hansen,Fun!23,0,false,John,982,hansenjohn
4371.839999999999,Cheng,Fun!23,3,true,Bungein,50,chengbungein
4414.58,Walters,Fun!23,0,true,Leroy,270,waltersleroy
4408.41,Jones,Fun!23,0,true,Chris,579,joneschris
4406.54,Mouse,Fun!23,0,false,Minnie,3,minniemouse
13.859999999999673,Mermaid,Fun!23,5,true,Ursela,19,urselamermaid
4400.1,Arnold,Fun!23,0,true,Shane,388,arnoldshane
4395.74,Anderson,Fun!23,0,false,Nicholas,203,andersonnicholas
4393.91,Kane,Fun!23,0,true,Rhonda,381,kanerhonda
4391.01,Maldonado,Fun!23,0,true,Michelle,200,maldonadomichelle
4375.75,Kennedy,Fun!23,0,true,Robert,1002,kennedyrobert
4371.2,Fisher,Fun!23,0,false,Paul,240,fisherpaul
4368.96,Johnson,Fun!23,0,false,Tanya,816,johnsontanya
4368.64,Harper,Fun!23,0,false,Dakota,562,harperdakota
4367.87,Rodriguez,Fun!23,0,false,Ricardo,415,rodriguezricardo
4364.86,Robinson,Fun!23,0,false,Alexandra,301,robinsonalexandra
4364.7,Johnston,Fun!23,0,true,Tyrone,688,johnstontyrone
4364.53,Blackwell,Fun!23,0,true,Debra,512,blackwelldebra
4360.83,Aladdin,Fun!23,0,true,Jafar,18,jafaraladdin
4358.03,House,Fun!23,0,true,John,883,housejohn
4352.57,Kirby,Fun!23,0,false,Stephanie,665,kirbystephanie
4351.13,Edwards,Fun!23,0,true,Richard,549,edwardsrichard
4347.43,Moore,Fun!23,0,false,Doris,430,mooredoris
4346.44,Vargas,Fun!23,0,false,Richard,158,vargasrichard
4333.97,Dunn,Fun!23,0,true,Scott,672,dunnscott
4333.79,Dennis,Fun!23,0,true,Mikayla,1020,dennismikayla
4333.49,Hanna,Fun!23,0,false,Joseph,1012,hannajoseph
4332.9,Morales,Fun!23,0,true,Ashley,969,moralesashley
4324.31,Massey,Fun!23,0,false,Bryan,1030,masseybryan
4323.27,Carson,Fun!23,0,true,Vanessa,1038,carsonvanessa
4318.44,Romero,Fun!23,0,false,Timothy,226,romerotimothy
4316.04,Griffin,Fun!23,0,true,Michelle,812,griffinmichelle
4314.11,Pallares,Fun!23,0,false,Raul,79,pallaresraul
4304.07,Lloyd,Fun!23,0,false,Jessica,836,lloydjessica
4297.19,Nunez,Fun!23,0,false,Michael,741,nunezmichael
4295.83,Phillips,Fun!23,0,true,Brendan,919,phillipsbrendan
4274.86,Shaw,Fun!23,0,false,Darlene,504,shawdarlene
4270.31,Hernandez,Fun!23,0,true,Edward,151,hernandezedward
4266.91,Montoya,Fun!23,0,false,Wendy,878,montoyawendy
4266.59,Disney,Fun!23,0,false,Mufassa,13,mufassadisney
4266.39,Rocha,Fun!23,0,false,Adrian,85,rochaadrian
4263.9,Scott,Fun!23,0,false,Cody,194,scottcody
4261.8,Martinez,Fun!23,0,false,Kimberly,664,martinezkimberly
4261.7,Gray,Fun!23,0,false,Becky,440,graybecky
4235.92,Hayes,Fun!23,0,true,Brian,352,hayesbrian
4219.74,King,Fun!23,0,false,Thomas,177,kingthomas
4216.65,Miller,Fun!23,0,true,Steven,927,millersteven
4214.49,Sanders,Fun!23,0,true,Micheal,806,sandersmicheal
4213.41,Hook,Fun!23,0,true,Captaiin,27,captaiinhook
4212.59,Carrillo,Fun!23,0,false,Steven,49,carrillosteven
4205.34,Brown,Fun!23,0,true,Phillip,591,brownphillip
4201.21,Robinson,Fun!23,0,false,Michael,501,robinsonmichael
4200.52,Smith,Fun!23,0,true,Michael,189,smithmichael
4196.45,Ramos,Fun!23,0,false,Andre,908,ramosandre
4026.75,Harris,Fun!23,5,false,Victor,726,harrisvictor
4189.83,Disney,Fun!23,0,false,Quasimodo,32,quasimododisney
4189.51,Evans,Fun!23,0,true,Ashley,156,evansashley
4183.04,Davis,Fun!23,0,true,John,716,davisjohn
4179.22,Perry,Fun!23,0,false,Martha,563,perrymartha
4178.41,Davidson,Fun!23,0,true,Holly,808,davidsonholly
4158.48,Newton,Fun!23,0,false,Sandra,848,newtonsandra
4152.62,Holt,Fun!23,0,true,Philip,857,holtphilip
4149.72,Morgan,Fun!23,0,false,James,595,morganjames
4148.93,Patel,Fun!23,0,true,Brad,100,patelbrad
4076.1499999999996,Alvarez,Fun!23,3,false,Cesar,42,alvarezcesar
4144.56,Harris,Fun!23,0,true,Stephanie,162,harrisstephanie
4142.06,Paul,Fun!23,0,false,Stacey,337,paulstacey
4134.5,Jacobs,Fun!23,0,true,Teresa,389,jacobsteresa
4132.97,Huerta,Fun!23,0,false,Jorge,897,huertajorge
4129.28,Robinson,Fun!23,0,true,Kirsten,123,robinsonkirsten
4129.04,Oliver,Fun!23,0,true,Michelle,810,olivermichelle
4125.48,Miranda,Fun!23,0,false,Michaela,516,mirandamichaela
4116.34,Burton,Fun!23,0,false,Travis,701,burtontravis
4106.02,Sullivan,Fun!23,0,true,Richard,775,sullivanrichard
4100.54,Smith,Fun!23,0,true,Margaret,528,smithmargaret
4098.29,King,Fun!23,0,true,Michael,622,kingmichael
4095.39,Hoover,Fun!23,0,false,Kristy,299,hooverkristy
4093.61,Erickson,Fun!23,0,true,Matthew,269,ericksonmatthew
4082.47,Cameron,Fun!23,0,true,Alexander,341,cameronalexander
4076.92,Jones,Fun!23,0,true,Christopher,366,joneschristopher
4067.74,Rojas,Fun!23,0,false,Sabas,87,rojassabas
4067.06,Cooper,Fun!23,0,false,Samantha,493,coopersamantha
4055.88,Harris,Fun!23,0,true,Dylan,164,harrisdylan
4054.17,Thomas,Fun!23,0,true,Karen,267,thomaskaren
4044.4,Moses,Fun!23,0,true,Victoria,533,mosesvictoria
3994.5800000000004,Arellano,Fun!23,2,true,Joel,248,arellanojoel
4041.17,Sanchez,Fun!23,0,true,Jody,874,sanchezjody
4039.44,Craig,Fun!23,0,true,Christopher,585,craigchristopher
4039.03,Kirk,Fun!23,0,false,Melanie,166,kirkmelanie
4032.2,Brooks,Fun!23,0,false,Joseph,397,brooksjoseph
4030.63,Mccarthy,Fun!23,0,true,Maria,236,mccarthymaria
4026.6,Summers,Fun!23,0,true,Kylie,553,summerskylie
4023.85,Chavez,Fun!23,0,false,Danielle,907,chavezdanielle
4019.72,Rogers,Fun!23,0,false,Mark,652,rogersmark
4018.28,Summers,Fun!23,0,true,David,765,summersdavid
4003.61,Whitney,Fun!23,0,false,Hector,798,whitneyhector
4002.4,Lamb,Fun!23,0,true,Mark,434,lambmark
4000.83,Nielsen,Fun!23,0,true,Brittany,506,nielsenbrittany
3982.02,Mason,Fun!23,0,true,Matthew,901,masonmatthew
3981.12,Andrade,Fun!23,0,false,Ana,949,andradeana
3862.87,Martin,Fun!23,5,true,Victoria,160,martinvictoria
3968.93,Moss,Fun!23,0,false,Beth,1018,mossbeth
3965.27,Williams,Fun!23,0,true,Jacob,394,williamsjacob
3958.29,Cruz,Fun!23,0,true,Elizabeth,431,cruzelizabeth
3946.93,Park,Fun!23,0,true,Robert,233,parkrobert
3779.27,Martinez,Fun!23,5,false,Kristen,1032,martinezkristen
3940.57,Booth,Fun!23,0,false,Darien,47,boothdarien
3939.06,Carr,Fun!23,0,false,Gregory,451,carrgregory
3936.22,Wright,Fun!23,0,true,David,262,wrightdavid
3933.04,Solis,Fun!23,0,true,Jill,438,solisjill
3932.45,Lopez,Fun!23,0,true,Dylan,576,lopezdylan
3921.94,Hall,Fun!23,0,false,Colleen,801,hallcolleen
3919.63,May,Fun!23,0,true,Tiffany,435,maytiffany
3793.32,House,Fun!23,4,false,Kenneth,877,housekenneth
3908.1,Gross,Fun!23,0,true,David,255,grossdavid
3898.72,Armstrong,Fun!23,0,false,Emma,346,armstrongemma
3898.59,Elliott,Fun!23,0,true,Thomas,391,elliottthomas
3892.86,Wawra,Fun!23,0,false,Walter,96,wawrawalter
3888.27,Dean,Fun!23,0,false,Jermaine,723,deanjermaine
3885.8,Smith,Fun!23,0,true,Kayla,640,smithkayla
3781.31,Cummings,Fun!23,3,false,Deanna,920,cummingsdeanna
3877.62,Phillips,Fun!23,0,false,Loretta,662,phillipsloretta
3865.53,Lee,Fun!23,0,false,Jason,686,leejason
3861.09,Richard,Fun!23,0,true,Brittany,676,richardbrittany
3858.1,Washington,Fun!23,0,true,Ryan,964,washingtonryan
3853.27,Oliver,Fun!23,0,false,Dustin,296,oliverdustin
3850.2,Kocian,Fun!23,0,true,Kimberly,68,kociankimberly
3837.45,Mejia,Fun!23,0,true,Kimberly,1007,mejiakimberly
3821.99,Simmons,Fun!23,0,true,James,973,simmonsjames
3659.34,Hardin,Fun!23,6,true,Anthony,398,hardinanthony
3806.91,Rojas,Fun!23,0,true,Brian,766,rojasbrian
3727.89,DeVil,Fun!23,3,true,Cruella,22,cruelladevil
3798.32,Riley,Fun!23,0,false,Andrea,975,rileyandrea
3796.81,Cochran,Fun!23,0,true,Joe,500,cochranjoe
3796.03,Disney,Fun!23,0,true,Hercules,33,herculesdisney
3793.5,Ortiz,Fun!23,0,true,Michelle,332,ortizmichelle
3791.63,Smith,Fun!23,0,false,Kristine,865,smithkristine
3778.78,Romero,Fun!23,0,false,Ashley,148,romeroashley
3767.71,Navarro,Fun!23,0,false,Casey,820,navarrocasey
3763.3,Short,Fun!23,0,true,Gregory,930,shortgregory
3762.59,Kline,Fun!23,0,false,Kimberly,140,klinekimberly
3760.27,Hardy,Fun!23,0,false,Bryan,335,hardybryan
3760.03,Gardea,Fun!23,0,false,Eric,58,gardeaeric
3759.81,Moore,Fun!23,0,false,Anthony,668,mooreanthony
3754.09,Alvarado,Fun!23,0,true,Tyrone,890,alvaradotyrone
3748.62,Nguyen,Fun!23,0,true,Sabrina,787,nguyensabrina
3741.58,Holguin,Fun!23,0,true,Alan,63,holguinalan
3735.49,Vallecillo,Fun!23,0,true,Martin,94,vallecillomartin
3730.85,Henderson,Fun!23,0,true,Patrick,109,hendersonpatrick
3729.34,Stewart,Fun!23,0,true,Mark,803,stewartmark
3714.16,Mejia,Fun!23,0,true,Erin,805,mejiaerin
3708.61,May,Fun!23,0,false,Samantha,243,maysamantha
3705.85,Black,Fun!23,0,false,Mariah,989,blackmariah
3702.81,Adams,Fun!23,0,false,Sheri,593,adamssheri
3697.19,Kelly,Fun!23,0,false,Maria,1033,kellymaria
3694.33,Hawkins,Fun!23,0,false,Brittany,128,hawkinsbrittany
3693.51,Disney,Fun!23,0,true,Pluto,5,plutodisney
3691.38,Chase,Fun!23,0,true,Jenna,542,chasejenna
3690.3,Carr,Fun!23,0,true,Jennifer,767,carrjennifer
3690.07,Olsen,Fun!23,0,false,Courtney,1017,olsencourtney
3684.14,Dodson,Fun!23,0,false,Christina,703,dodsonchristina
3683.42,Henry,Fun!23,0,true,Marissa,988,henrymarissa
3682.96,Parker,Fun!23,0,false,Gail,149,parkergail
3678.85,Trevino,Fun!23,0,true,Joanna,239,trevinojoanna
3676.33,Smith,Fun!23,0,true,Gary,714,smithgary
3673.54,Wilson,Fun!23,0,true,Kelly,918,wilsonkelly
3670.41,Richards,Fun!23,0,false,Mark,281,richardsmark
3670.36,Conrad,Fun!23,0,true,Danielle,1001,conraddanielle
3665.46,Walker,Fun!23,0,false,Ashley,681,walkerashley
3658.82,Klein,Fun!23,0,false,Sean,104,kleinsean
3652.18,Foley,Fun!23,0,true,Carl,698,foleycarl
3650.64,Martinez,Fun!23,0,false,Tammy,295,martineztammy
3649.51,Stevens,Fun!23,0,false,Michele,122,stevensmichele
3649.26,Stevenson,Fun!23,0,true,Thomas,1027,stevensonthomas
3644.33,Dominguez,Fun!23,0,true,Lance,310,dominguezlance
3642.17,Poole,Fun!23,0,false,Alyssa,683,poolealyssa
3638.3,Williams,Fun!23,0,false,Michael,285,williamsmichael
3634.76,Oconnell,Fun!23,0,false,Craig,396,oconnellcraig
3631.71,Waters,Fun!23,0,false,Tammy,979,waterstammy
3625.05,Smith,Fun!23,0,false,Jose,823,smithjose
3620.91,Khan,Fun!23,0,true,Matthew,932,khanmatthew
3613.71,Mendoza,Fun!23,0,true,Laurie,778,mendozalaurie
3613.68,Marshall,Fun!23,0,false,Andrew,625,marshallandrew
3611.02,Woodward,Fun!23,0,true,Raymond,443,woodwardraymond
3597.87,Hardy,Fun!23,0,true,Theresa,477,hardytheresa
3595.39,Patterson,Fun!23,0,true,Kaylee,249,pattersonkaylee
3594.3,Copeland,Fun!23,0,false,Nicholas,651,copelandnicholas
3590.21,Ramirez,Fun!23,0,true,Michelle,599,ramirezmichelle
3577.68,Allen,Fun!23,0,true,Susan,279,allensusan
3575.7,Hernandez,Fun!23,0,true,Jamie,586,hernandezjamie
3568.39,Norris,Fun!23,0,true,Andrew,826,norrisandrew
3555.81,Olsen,Fun!23,0,false,Jessica,546,olsenjessica
3547.15,Guzman,Fun!23,0,false,Jennifer,734,guzmanjennifer
3538.51,Kelly,Fun!23,0,true,Alexander,241,kellyalexander
3530.17,Mcdonald,Fun!23,0,false,Patricia,794,mcdonaldpatricia
3522.4,Taylor,Fun!23,0,false,Sarah,937,taylorsarah
3519.28,Herring,Fun!23,0,false,Kelly,894,herringkelly
3515.72,Carter,Fun!23,0,false,Pamela,132,carterpamela
3433.77,Turner,Fun!23,3,true,April,448,turnerapril
3510.77,Campbell,Fun!23,0,false,Matthew,322,campbellmatthew
3503.99,King,Fun!23,0,true,Simba,24,simbaking
3496.0,Johnson,Fun!23,0,false,Lori,783,johnsonlori
3470.13,Palmer,Fun!23,0,false,Logan,120,palmerlogan
3451.56,Garcia,Fun!23,0,false,Susan,286,garciasusan
3443.23,Oconnell,Fun!23,0,true,Marissa,319,oconnellmarissa
3442.67,Schneider,Fun!23,0,true,Holly,656,schneiderholly
3442.07,Ramirez,Fun!23,0,false,Donald,984,ramirezdonald
3424.85,Hernandez,Fun!23,0,false,Douglas,718,hernandezdouglas
3420.63,King,Fun!23,0,true,Chris,294,kingchris
3419.61,Hampton,Fun!23,0,true,Jerry,460,hamptonjerry
3416.17,Keller,Fun!23,0,true,Randy,432,kellerrandy
3414.45,Flores,Fun!23,0,false,Michael,772,floresmichael
3410.66,Blake,Fun!23,0,true,Krista,436,blakekrista
3407.65,Weaver,Fun!23,0,true,Brittany,564,weaverbrittany
3406.82,Thompson,Fun!23,0,true,Ricky,349,thompsonricky
3406.5,Smith,Fun!23,0,false,Daniel,725,smithdaniel
3295.9100000000003,Proctor,Fun!23,4,false,George,811,proctorgeorge
3401.06,Ellison,Fun!23,0,true,Zachary,214,ellisonzachary
3400.91,Jackson,Fun!23,0,true,Elizabeth,1014,jacksonelizabeth
3392.49,Kim,Fun!23,0,false,Elizabeth,315,kimelizabeth
3384.8,Phelps,Fun!23,0,false,Virginia,224,phelpsvirginia
3383.86,Perry,Fun!23,0,true,Jared,629,perryjared
3368.43,Simpson,Fun!23,0,false,Becky,966,simpsonbecky
3276.26,Patrick,Fun!23,3,false,Kristina,442,patrickkristina
3361.68,Gonzalez,Fun!23,0,false,Matthew,654,gonzalezmatthew
3361.63,Wilson,Fun!23,0,true,Robert,367,wilsonrobert
3355.77,Gardner,Fun!23,0,false,Ricky,573,gardnerricky
3279.0600000000004,Weiss,Fun!23,4,true,Jeffrey,144,weissjeffrey
3349.89,Russell,Fun!23,2,true,Darlene,545,russelldarlene
3342.53,Travis,Fun!23,0,true,Donna,401,travisdonna
3341.7,Norton,Fun!23,0,false,Jacob,853,nortonjacob
3341.36,Jones,Fun!23,0,false,Darrell,961,jonesdarrell
3335.77,Collins,Fun!23,0,true,Philip,423,collinsphilip
3328.46,Reyes,Fun!23,0,true,Elizabeth,659,reyeselizabeth
3324.9,Johnson,Fun!23,0,false,Edward,374,johnsonedward
3264.2200000000003,Baxter,Fun!23,2,false,Tyler,627,baxtertyler
3319.18,Gonzalez,Fun!23,0,false,Maria,60,gonzalezmaria
3201.9100000000003,Bailey,Fun!23,4,false,Jennifer,747,baileyjennifer
3308.73,Torres,Fun!23,0,false,Richard,153,torresrichard
3305.69,Lee,Fun!23,0,false,Mary,707,leemary
3301.59,King,Fun!23,0,true,James,131,kingjames
3299.43,Eric,Fun!23,0,false,Prince,31,princeeric
3296.08,Prince,Fun!23,0,true,Michael,839,princemichael
3295.18,Hayes,Fun!23,0,true,Crystal,835,hayescrystal
3285.38,Hill,Fun!23,0,false,John,710,hilljohn
3285.3,Martinez,Fun!23,0,false,Ronald,956,martinezronald
3275.07,Larsen,Fun!23,0,true,Patrick,446,larsenpatrick
3265.44,Hill,Fun!23,0,true,Perry,706,hillperry
3264.63,Watson,Fun!23,0,true,Vanessa,623,watsonvanessa
3259.62,Gonzalez,Fun!23,0,false,Alondra,40,alondragonzalez
3255.29,Delgado,Fun!23,0,true,Jeffrey,218,delgadojeffrey
3250.23,Walker,Fun!23,0,false,Miranda,968,walkermiranda
3249.75,Brennan,Fun!23,0,true,James,604,brennanjames
3246.53,Morgan,Fun!23,0,false,Jack,900,morganjack
3244.56,Bond,Fun!23,0,true,Ronald,635,bondronald
3243.65,Johnson,Fun!23,0,false,Christopher,572,johnsonchristopher
3241.52,Hall,Fun!23,0,true,Amy,963,hallamy
3237.0,Jones,Fun!23,0,true,Dana,590,jonesdana
3233.01,Walker,Fun!23,0,false,Mario,287,walkermario
3231.64,Maxwell,Fun!23,0,true,Gregory,320,maxwellgregory
3231.42,Hall,Fun!23,0,true,Lauren,290,halllauren
3077.7,Duck,Fun!23,5,false,Donald,2,donaldduck
3221.88,Melendez,Fun!23,0,false,Christopher,535,melendezchristopher
3221.12,Gutierrez,Fun!23,0,true,Roberto,235,gutierrezroberto
3154.7000000000003,Thompson,Fun!23,2,true,Nathan,735,thompsonnathan
3203.39,Davis,Fun!23,0,true,Justin,509,davisjustin
3194.23,Farley,Fun!23,0,false,Jose,697,farleyjose
3192.36,Peterson,Fun!23,3,false,Ryan,1009,petersonryan
3167.66,Cross,Fun!23,0,false,Allison,412,crossallison
3167.62,Burke,Fun!23,0,false,Lee,221,burkelee
3162.26,Hill,Fun!23,0,false,Susan,169,hillsusan
3160.9,Medina,Fun!23,0,true,Elizabeth,1006,medinaelizabeth
3157.87,Kramer,Fun!23,0,true,Anthony,915,krameranthony
3156.01,Wood,Fun!23,0,false,George,474,woodgeorge
3153.46,Thomas,Fun!23,0,true,Michael,785,thomasmichael
3150.81,Bryant,Fun!23,0,false,Dalton,934,bryantdalton
3142.11,Summers,Fun!23,0,true,Daniel,957,summersdaniel
3141.98,Simpson,Fun!23,0,true,Alexandra,790,simpsonalexandra
3130.31,Cunningham,Fun!23,0,false,Heather,634,cunninghamheather
3129.37,Ross,Fun!23,0,false,Mindy,881,rossmindy
3128.75,Clarke,Fun!23,0,true,Michael,861,clarkemichael
3116.36,Rivas,Fun!23,0,true,Ashley,84,rivasashley
3107.77,Luna,Fun!23,0,false,Jeffrey,304,lunajeffrey
3016.8900000000003,Brown,Fun!23,4,true,Rebecca,444,brownrebecca
3102.03,Molina,Fun!23,0,false,Edward,619,molinaedward
3093.45,Garcia,Fun!23,0,false,Christian,55,garciachristian
3083.41,Garcia,Fun!23,0,false,Isabella,56,garciaisabella
3082.39,Wilson,Fun!23,0,true,Robin,855,wilsonrobin
3080.22,Maldonado,Fun!23,0,false,Hannah,515,maldonadohannah
3079.85,Lambert,Fun!23,0,true,Krista,650,lambertkrista
3073.73,Barber,Fun!23,0,false,Anthony,603,barberanthony
2958.09,Fuller,Fun!23,4,false,Amy,977,fulleramy
3052.0,Martin,Fun!23,0,true,Jessica,263,martinjessica
3049.06,Laneave,Fun!23,0,false,Erik,69,laneaveerik
3044.58,Cowan,Fun!23,0,true,Michael,745,cowanmichael
3041.21,Rogers,Fun!23,0,true,Sandra,182,rogerssandra
3041.07,Gardner,Fun!23,0,true,David,154,gardnerdavid
3040.9,Roberts,Fun!23,0,true,Kimberly,744,robertskimberly
3037.76,Disney,Fun!23,0,true,Belle,21,belledisney
3037.61,Maldonado,Fun!23,0,true,Stacy,995,maldonadostacy
2953.99,Paul,Fun!23,3,false,Richard,791,paulrichard
3020.09,Weaver,Fun!23,0,true,Allison,740,weaverallison
3018.75,Clark,Fun!23,0,false,Chad,582,clarkchad
2997.2,Kelley,Fun!23,0,true,Grace,539,kelleygrace
2994.34,Coleman,Fun!23,0,true,Christopher,146,colemanchristopher
2990.3,Sexton,Fun!23,0,true,Michelle,462,sextonmichelle
2985.04,White,Fun!23,0,false,John,422,whitejohn
2897.0800000000004,Murphy,Fun!23,4,true,Peggy,373,murphypeggy
2962.19,Carter,Fun!23,0,true,Christina,911,carterchristina
2961.73,Arias,Fun!23,0,true,Hannah,141,ariashannah
2960.88,Davidson,Fun!23,0,true,Jennifer,887,davidsonjennifer
2944.44,GarciaFernandez,Fun!23,0,true,Marco,54,garciafernandezmarco
2943.37,Moss,Fun!23,0,true,Rodney,914,mossrodney
2939.87,Christian,Fun!23,0,true,Jonathan,324,christianjonathan
2819.4,Ferguson,Fun!23,5,false,Destiny,242,fergusondestiny
2937.12,Macdonald,Fun!23,0,true,Joseph,597,macdonaldjoseph
2930.21,Hayes,Fun!23,0,false,David,940,hayesdavid
2928.83,Castillo,Fun!23,0,false,Brian,271,castillobrian
2925.14,Miller,Fun!23,0,true,Brandon,870,millerbrandon
2918.1,Berry,Fun!23,0,false,Christopher,971,berrychristopher
2901.26,Yu,Fun!23,0,true,Lisa,1031,yulisa
2898.95,Ike,Fun!23,0,false,Michael,65,ikemichael
2892.81,Sullivan,Fun!23,0,false,Gregory,289,sullivangregory
2891.32,Flores,Fun!23,0,true,Robert,965,floresrobert
2881.0,Casey,Fun!23,0,true,Roger,972,caseyroger
2880.31,Hartman,Fun!23,0,true,Steven,669,hartmansteven
2810.6400000000003,Bell,Fun!23,4,false,Kelly,488,bellkelly
2875.12,Pedraza,Fun!23,0,false,Diego,80,pedrazadiego
2874.41,Sanchez,Fun!23,0,false,Colleen,638,sanchezcolleen
2869.25,Church,Fun!23,0,true,Mary,288,churchmary
2866.67,Jensen,Fun!23,0,false,Brian,219,jensenbrian
2864.63,Simpson,Fun!23,0,false,James,833,simpsonjames
2854.73,Griffin,Fun!23,0,true,Austin,114,griffinaustin
2849.35,Harrington,Fun!23,0,true,Samuel,183,harringtonsamuel
2842.31,Lee,Fun!23,0,false,Shawn,821,leeshawn
2833.09,Cox,Fun!23,0,false,Dorothy,253,coxdorothy
2828.89,Lopez,Fun!23,0,true,Erika,631,lopezerika
2826.74,Hines,Fun!23,0,false,Kathleen,557,hineskathleen
2826.2,Ortiz,Fun!23,0,true,William,684,ortizwilliam
2823.0,Ray,Fun!23,0,true,Michelle,779,raymichelle
2643.17,Disney,Fun!23,6,false,Beast,20,beastdisney
2650.43,Cooper,Fun!23,6,false,Dennis,942,cooperdennis
2800.59,Parker,Fun!23,0,true,Ronald,145,parkerronald
2720.25,Sanchez,Fun!23,3,true,Michael,115,sanchezmichael
2698.09,Davenport,Fun!23,4,false,Monica,135,davenportmonica
2775.62,Cordova,Fun!23,0,true,Elizabeth,365,cordovaelizabeth
2774.29,Quinn,Fun!23,0,true,Anaiah,81,quinnanaiah
2769.61,Morgan,Fun!23,0,true,Nancy,157,morgannancy
2761.94,BaezRamirez,Fun!23,0,false,Raul,45,baezramirezraul
2759.1,Reese,Fun!23,0,true,Alyssa,479,reesealyssa
2752.77,Padilla,Fun!23,0,false,Marko,78,padillamarko
2752.29,Wilcox,Fun!23,0,false,Ashley,411,wilcoxashley
2751.22,Owens,Fun!23,0,true,Steven,496,owenssteven
2742.93,Shaw,Fun!23,0,true,Julie,837,shawjulie
2733.89,Rivera,Fun!23,0,true,Michelle,789,riveramichelle
2732.74,Garrett,Fun!23,0,false,Lisa,229,garrettlisa
2723.89,Contreras,Fun!23,0,false,Christopher,107,contreraschristopher
2604.15,Coleman,Fun!23,3,true,Lauren,899,colemanlauren
2721.31,Page,Fun!23,0,false,Gloria,312,pagegloria
2720.49,Sharp,Fun!23,0,true,Beth,643,sharpbeth
2719.25,Canizales,Fun!23,0,true,Gabriela,48,canizalesgabriela
2718.67,Jones,Fun!23,0,true,Julia,679,jonesjulia
2706.13,Lewis,Fun!23,0,false,Austin,1022,lewisaustin
2685.73,Perez,Fun!23,0,true,Tom,99,pereztom
2682.6,Smith,Fun!23,0,false,Sean,781,smithsean
2668.83,Santos,Fun!23,0,false,Shawn,1004,santosshawn
2665.78,Larson,Fun!23,0,true,Kevin,470,larsonkevin
2654.17,Mckenzie,Fun!23,0,false,Gary,929,mckenziegary
2653.96,Phillips,Fun!23,0,true,Wendy,1039,phillipswendy
2651.48,Campos,Fun!23,0,true,Wendy,523,camposwendy
2650.92,Bennett,Fun!23,0,false,Shannon,282,bennettshannon
2648.88,Davis,Fun!23,0,true,Christopher,712,davischristopher
2641.29,Disney,Fun!23,0,false,Dale,7,daledisney
2618.16,Jones,Fun!23,0,true,Barbara,478,jonesbarbara
2616.38,Hernandez,Fun!23,0,true,Jennifer,962,hernandezjennifer
2602.99,Miller,Fun!23,0,true,Linda,852,millerlinda
2600.36,Moore,Fun!23,0,false,Jessica,257,moorejessica
2598.35,Holland,Fun!23,0,false,Michelle,136,hollandmichelle
2508.98,Hall,Fun!23,5,true,Thomas,717,hallthomas
2591.15,Edwards,Fun!23,0,false,Martin,577,edwardsmartin
2587.16,Alexander,Fun!23,0,false,Linda,467,alexanderlinda
2574.34,Ellis,Fun!23,0,true,Cynthia,845,elliscynthia
2572.79,Hull,Fun!23,0,false,Sean,414,hullsean
2572.51,Harmon,Fun!23,0,false,Paul,869,harmonpaul
2571.61,Gross,Fun!23,0,false,Mitchell,960,grossmitchell
2561.21,Macdonald,Fun!23,0,false,Claire,72,macdonaldclaire
2554.83,Wu,Fun!23,0,true,Robert,266,wurobert
2544.15,Miller,Fun!23,0,false,Dana,850,millerdana
2543.36,Lightyear,Fun!23,0,false,Buzz,17,buzzlightyear
2535.71,Jones,Fun!23,0,true,Erin,802,joneserin
2530.09,Nguyen,Fun!23,0,true,Amber,617,nguyenamber
2528.98,Foster,Fun!23,0,true,Jeremy,771,fosterjeremy
2525.63,Roberson,Fun!23,0,true,Rachel,420,robersonrachel
2517.23,Disney,Fun!23,0,true,Aurora,14,auroradisney
2511.7,Morris,Fun!23,0,false,Jeremy,201,morrisjeremy
2507.79,Lambert,Fun!23,0,true,Wesley,487,lambertwesley
2498.1,Preston,Fun!23,0,false,Robert,112,prestonrobert
2387.08,Padilla,Fun!23,4,true,Emma,439,padillaemma
2490.33,Diaz,Fun!23,0,true,Devin,400,diazdevin
2487.62,Moore,Fun!23,0,true,Francisco,329,moorefrancisco
2481.15,Burch,Fun!23,0,true,Erica,933,burcherica
2328.36,Lozano,Fun!23,6,true,Mark,212,lozanomark
2476.83,Cook,Fun!23,0,false,Alexandra,967,cookalexandra
2470.79,Phillips,Fun!23,0,true,Curtis,885,phillipscurtis
2461.71,Alexander,Fun!23,0,false,Tami,302,alexandertami
2316.24,Ruiz,Fun!23,6,false,Travis,386,ruiztravis
2441.89,Brooks,Fun!23,0,true,Antonio,369,brooksantonio
2433.63,Ruiz,Fun!23,0,false,Edgar,88,ruizedgar
2431.98,Brown,Fun!23,0,true,Ryan,538,brownryan
2414.25,Lucero,Fun!23,0,true,Christopher,872,lucerochristopher
2411.85,Durham,Fun!23,0,true,Sonia,882,durhamsonia
2410.79,Gould,Fun!23,0,false,Kevin,494,gouldkevin
2389.38,Gilbert,Fun!23,0,false,George,864,gilbertgeorge
2389.31,Foster,Fun!23,0,true,Christopher,376,fosterchristopher
2388.47,Romero,Fun!23,0,false,Olivia,202,romeroolivia
2386.26,Haynes,Fun!23,0,true,Donald,360,haynesdonald
2375.5,Smith,Fun!23,0,true,Dean,384,smithdean
1328.04,Knight,Fun!23,5,true,Joanna,657,knightjoanna
2369.23,Garcia,Fun!23,0,false,Kimberly,344,garciakimberly
2368.66,Johnson,Fun!23,0,false,Melissa,819,johnsonmelissa
2360.33,Park,Fun!23,0,false,Gary,844,parkgary
2352.68,Hammond,Fun!23,0,false,James,199,hammondjames
2350.13,Nguyen,Fun!23,0,true,Rebecca,692,nguyenrebecca
2338.42,Brown,Fun!23,0,false,Lisa,361,brownlisa
2333.32,Boyd,Fun!23,0,false,Kenneth,886,boydkenneth
2327.81,White,Fun!23,0,true,Shannon,610,whiteshannon
2320.58,Scott,Fun!23,0,true,Deborah,464,scottdeborah
2315.46,Young,Fun!23,0,false,Trevor,465,youngtrevor
2309.48,Mosley,Fun!23,0,true,Sarah,359,mosleysarah
2308.22,Miller,Fun!23,0,false,Sharon,209,millersharon
2306.52,Lang,Fun!23,0,true,Angela,513,langangela
2305.12,Mitchell,Fun!23,0,false,Jake,568,mitchelljake
2289.44,Cabrera,Fun!23,0,true,Steven,449,cabrerasteven
2282.98,Kelly,Fun!23,0,true,Alyssa,800,kellyalyssa
2273.17,Swanson,Fun!23,0,false,Gina,663,swansongina
2266.83,Johnson,Fun!23,0,true,Karla,180,johnsonkarla
2266.0,Arnold,Fun!23,0,true,Allen,646,arnoldallen
2258.55,Barker,Fun!23,0,true,Heidi,363,barkerheidi
2252.92,Dominguez,Fun!23,0,true,Elizabeth,782,dominguezelizabeth
2252.15,Richardson,Fun!23,0,false,Kimberly,191,richardsonkimberly
2250.0,Williamson,Fun!23,0,true,Michael,841,williamsonmichael
2249.94,Olson,Fun!23,0,false,Daniel,106,olsondaniel
2165.6800000000003,Johnson,Fun!23,5,false,Kimberly,559,johnsonkimberly
2241.87,Rocha,Fun!23,0,false,Jeremy,978,rochajeremy
2198.1600000000003,Taylor,Fun!23,2,true,Kyle,343,taylorkyle
2235.92,Mercado,Fun!23,0,true,Sebastian,73,mercadosebastian
2232.81,Maldonado,Fun!23,0,false,Adam,305,maldonadoadam
2220.85,Rodriguez,Fun!23,0,true,Christian,86,rodriguezchristian
2219.6,Hernandez,Fun!23,0,true,Sean,731,hernandezsean
2199.11,Baquier,Fun!23,0,true,Alondra,46,baquieralondra
2195.55,Sanford,Fun!23,0,false,Christopher,527,sanfordchristopher
2189.35,Edwards,Fun!23,0,false,Antonio,613,edwardsantonio
2183.82,Sellers,Fun!23,0,true,Amber,497,sellersamber
2180.26,Williams,Fun!23,0,false,Dana,102,williamsdana
2175.72,Fields,Fun!23,0,true,Christopher,648,fieldschristopher
2151.95,Gamble,Fun!23,0,false,Jerry,748,gamblejerry
2151.49,Edwards,Fun!23,0,false,Ruben,410,edwardsruben
2148.84,Nowmi,Fun!23,0,true,Saeefa,76,nowmisaeefa
2147.7,Irwin,Fun!23,0,false,Carlos,916,irwincarlos
2139.93,Watson,Fun!23,0,true,Robin,534,watsonrobin
2136.55,Johnson,Fun!23,0,true,Luis,649,johnsonluis
2130.34,Brown,Fun!23,0,false,David,108,browndavid
2129.08,Chase,Fun!23,0,true,Amy,550,chaseamy
2126.12,Rodriguez,Fun!23,0,true,Jerry,983,rodriguezjerry
1937.9299999999998,Sanders,Fun!23,6,true,John,1024,sandersjohn
2119.67,Thompson,Fun!23,0,true,Krystal,405,thompsonkrystal
2111.8,Cohen,Fun!23,0,false,Molly,213,cohenmolly
2098.65,Rivera,Fun!23,0,true,Melissa,334,riveramelissa
2092.95,Smith,Fun!23,0,false,Laura,316,smithlaura
2086.24,Black,Fun!23,0,true,Alexis,780,blackalexis
2084.47,Richardson,Fun!23,0,true,Emily,192,richardsonemily
2063.45,Davis,Fun!23,0,true,Robert,283,davisrobert
2048.66,Wittmann,Fun!23,0,true,Zachary,97,wittmannzachary
2046.5,Lee,Fun!23,0,false,Jerry,207,leejerry
2040.9,Richardson,Fun!23,0,true,Olivia,902,richardsonolivia
2035.88,Fox,Fun!23,0,true,Sara,770,foxsara
2031.25,Allen,Fun!23,0,false,Donna,215,allendonna
2030.96,Lopez,Fun!23,0,true,Caleb,71,lopezcaleb
2017.05,Meadows,Fun!23,0,false,Joshua,390,meadowsjoshua
2016.55,Curtis,Fun!23,0,true,Jerry,143,curtisjerry
2004.81,Hale,Fun!23,0,false,Kaylee,537,halekaylee
2004.04,Smith,Fun!23,0,false,Nicholas,862,smithnicholas
2000.03,Jackson,Fun!23,0,true,Edward,518,jacksonedward
1999.56,Adkins,Fun!23,0,false,William,736,adkinswilliam
1996.17,Jackson,Fun!23,0,true,Nicholas,678,jacksonnicholas
1987.87,Ellis,Fun!23,0,true,Christian,875,ellischristian
1987.09,Sanders,Fun!23,0,false,Gabriel,674,sandersgabriel
1976.79,Little,Fun!23,0,true,Heather,594,littleheather
1973.65,Neal,Fun!23,0,true,Lauren,170,neallauren
1969.33,Mcpherson,Fun!23,0,false,Amy,511,mcphersonamy
1967.8,Cruz,Fun!23,0,true,Mary,300,cruzmary
1966.0,Salazar,Fun!23,0,true,Henry,749,salazarhenry
1962.96,Reynolds,Fun!23,0,true,Dennis,541,reynoldsdennis
1949.77,Bonilla,Fun!23,0,false,Thomas,486,bonillathomas
1947.72,Gardner,Fun!23,0,false,Danielle,583,gardnerdanielle
1944.86,Byrd,Fun!23,0,false,Anthony,987,byrdanthony
1942.81,Wilson,Fun!23,0,true,Jordan,339,wilsonjordan
1940.99,Young,Fun!23,0,false,Maria,827,youngmaria
1940.34,Rice,Fun!23,0,false,Crystal,473,ricecrystal
1931.95,Moore,Fun!23,0,true,Hunter,424,moorehunter
1926.92,Boone,Fun!23,0,true,Kevin,750,boonekevin
1925.84,Macias,Fun!23,0,true,Derek,670,maciasderek
1918.29,Disney,Fun!23,0,true,Cinderella,8,cinderelladisney
1914.59,Taylor,Fun!23,0,true,Teresa,797,taylorteresa
1909.09,Parsons,Fun!23,0,false,Amy,856,parsonsamy
1906.45,Nichols,Fun!23,0,true,Mercedes,642,nicholsmercedes
1901.52,Aranda,Fun!23,0,true,Javier,43,arandajavier
1898.65,Barton,Fun!23,0,true,Erin,1035,bartonerin
1897.25,Mckay,Fun!23,0,true,Douglas,980,mckaydouglas
1895.82,Crawford,Fun!23,0,false,Jade,327,crawfordjade
1888.97,Robinson,Fun!23,0,true,Lisa,547,robinsonlisa
1882.88,Rodriguez,Fun!23,0,false,Amy,485,rodriguezamy
1865.05,Henry,Fun!23,0,false,Jenny,321,henryjenny
1864.41,Boone,Fun!23,0,true,Louis,510,boonelouis
1859.05,Meyer,Fun!23,0,true,Phillip,727,meyerphillip
1851.88,Roberts,Fun!23,0,false,Sean,127,robertssean
1851.28,Gonzales,Fun!23,0,true,Bobby,567,gonzalesbobby
1850.21,Copeland,Fun!23,0,true,Jennifer,456,copelandjennifer
1846.27,Conner,Fun!23,0,false,Jamie,526,connerjamie
1845.04,Skinner,Fun!23,0,true,Jason,468,skinnerjason
1832.41,Smith,Fun!23,0,false,Jennifer,608,smithjennifer
1741.6499999999999,Rogers,Fun!23,2,false,Ann,828,rogersann
1808.53,Disney,Fun!23,0,true,Chip,6,chipdisney
1805.99,Evans,Fun!23,0,false,Katherine,111,evanskatherine
1656.3400000000001,Lara,Fun!23,5,true,Ariana,234,laraariana
1798.35,Smith,Fun!23,0,false,Christian,232,smithchristian
1773.75,Porter,Fun!23,0,true,Darin,259,porterdarin
1771.83,Turner,Fun!23,0,false,Tanya,831,turnertanya
1771.22,Daniel,Fun!23,0,true,Brandi,822,danielbrandi
1768.48,Mcdaniel,Fun!23,0,false,Hayden,788,mcdanielhayden
1698.4199999999998,Jackson,Fun!23,4,false,Lisa,926,jacksonlisa
1766.05,Livingston,Fun!23,0,false,Lori,1008,livingstonlori
1756.59,Maxwell,Fun!23,0,true,Brooke,1043,maxwellbrooke
1753.4,Wilson,Fun!23,0,true,Corey,574,wilsoncorey
1711.26,Hays,Fun!23,2,true,Carmen,729,hayscarmen
1745.48,Mendez,Fun!23,0,true,Terri,419,mendezterri
1741.34,Burgess,Fun!23,0,false,Rose,655,burgessrose
1737.87,Richardson,Fun!23,0,false,Phillip,943,richardsonphillip
1737.83,Swanson,Fun!23,0,false,Kevin,371,swansonkevin
1728.99,Sims,Fun!23,0,false,Anthony,404,simsanthony
1726.78,Hampton,Fun!23,0,false,Daniel,142,hamptondaniel
1725.57,Pan,Fun!23,0,true,Peter,15,peterpan
1716.23,Freeman,Fun!23,0,true,Norman,399,freemannorman
1705.89,Schneider,Fun!23,0,false,Jennifer,938,schneiderjennifer
1700.89,Henderson,Fun!23,0,false,Jill,181,hendersonjill
1698.84,Nolan,Fun!23,0,false,James,208,nolanjames
1698.0,Jones,Fun!23,0,true,Christina,600,joneschristina
1692.27,Rivera,Fun!23,0,true,Diana,1003,riveradiana
1683.12,Bailey,Fun!23,0,true,Scott,644,baileyscott
1682.62,Carter,Fun!23,0,true,Alexander,540,carteralexander
1681.84,Aguayo,Fun!23,0,true,Angel,41,aguayoangel
1680.31,Anderson,Fun!23,0,true,Victor,849,andersonvictor
1623.17,Jimenez,Fun!23,2,true,Misty,578,jimenezmisty
1675.74,Hodges,Fun!23,0,false,Kyle,137,hodgeskyle
1675.32,Wilson,Fun!23,0,true,Justin,173,wilsonjustin
1673.03,Ellis,Fun!23,0,false,Victoria,917,ellisvictoria
1669.39,Davenport,Fun!23,0,false,Howard,760,davenporthoward
1661.71,Fisher,Fun!23,0,true,Rebecca,758,fisherrebecca
1651.98,Jacobson,Fun!23,0,false,Brian,328,jacobsonbrian
1645.65,Hobbs,Fun!23,0,false,Willie,737,hobbswillie
1645.17,Gonzalez,Fun!23,0,true,Jeffrey,382,gonzalezjeffrey
1640.08,Love,Fun!23,0,true,Barbara,905,lovebarbara
1639.98,Chang,Fun!23,0,true,Emily,909,changemily
1636.17,Spencer,Fun!23,0,true,Lisa,427,spencerlisa
1608.9,Vang,Fun!23,0,true,Amanda,551,vangamanda
1602.61,Wang,Fun!23,0,false,Robert,958,wangrobert
1596.01,Preston,Fun!23,0,false,Jennifer,991,prestonjennifer
1585.35,Chambers,Fun!23,0,false,Charles,1019,chamberscharles
1580.61,Greene,Fun!23,0,true,Timothy,998,greenetimothy
1573.22,Dillon,Fun!23,0,false,Brandon,581,dillonbrandon
1572.66,Lyons,Fun!23,0,false,Robert,101,lyonsrobert
1570.65,Zhang,Fun!23,0,true,Karen,273,zhangkaren
1564.69,Dorsey,Fun!23,0,false,Danielle,514,dorseydanielle
1564.63,Porter,Fun!23,0,false,Chelsea,345,porterchelsea
1563.87,Miller,Fun!23,0,false,Chase,225,millerchase
1555.43,Thompson,Fun!23,0,false,Mark,838,thompsonmark
1553.77,Thomas,Fun!23,0,false,Samantha,445,thomassamantha
1552.55,Richardson,Fun!23,0,false,Natalie,630,richardsonnatalie
1545.43,Gallagher,Fun!23,0,false,Chelsea,117,gallagherchelsea
1545.15,Wood,Fun!23,0,true,Michelle,489,woodmichelle
1542.32,King,Fun!23,0,false,Dawn,291,kingdawn
1536.19,King,Fun!23,0,false,Leonard,713,kingleonard
1535.3,UrbinaAraiza,Fun!23,0,true,Angel,93,urbinaaraizaangel
1534.61,Gillespie,Fun!23,0,true,Sharon,944,gillespiesharon
1534.01,Garcia,Fun!23,0,false,Jorge,57,garciajorge
1459.63,Jordan,Fun!23,4,false,Kelly,732,jordankelly
1531.02,Alvarez,Fun!23,0,false,Elizabeth,392,alvarezelizabeth
1526.95,Salas,Fun!23,3,true,Paul,1000,salaspaul
1519.89,Hansen,Fun!23,0,true,Gabriel,505,hansengabriel
1510.66,Lopez,Fun!23,0,false,Derek,639,lopezderek
1498.5,Small,Fun!23,0,true,Kathleen,330,smallkathleen
1496.58,Baker,Fun!23,0,false,Amanda,1046,bakeramanda
1494.04,Morris,Fun!23,0,true,Alejandra,258,morrisalejandra
1487.43,Disney,Fun!23,0,true,Stitch,36,stitchdisney
1486.14,Gibbs,Fun!23,0,true,Darren,620,gibbsdarren
1485.34,Bennett,Fun!23,0,true,Bobby,524,bennettbobby
1474.01,Lopez,Fun!23,0,true,Brian,481,lopezbrian
1471.84,Stevens,Fun!23,0,true,Mary,387,stevensmary
1470.51,Barber,Fun!23,0,true,Angel,503,barberangel
1456.11,Rice,Fun!23,0,false,William,773,ricewilliam
1453.09,Thompson,Fun!23,0,false,Megan,817,thompsonmegan
1452.79,Quinones,Fun!23,0,true,Luis,82,quinonesluis
1450.76,Huang,Fun!23,0,true,Jennifer,912,huangjennifer
1448.46,Remes,Fun!23,0,true,Fernando,83,remesfernando
1437.26,Smith,Fun!23,0,true,Brandon,453,smithbrandon
454.8699999999999,Ford,Fun!23,2,true,Alexis,260,fordalexis
1424.35,Bruce,Fun!23,0,true,Angelica,278,bruceangelica
1406.15,Contreras,Fun!23,0,true,Kim,531,contreraskim
1404.19,Mcintyre,Fun!23,0,true,Angela,482,mcintyreangela
1403.8,Moreno,Fun!23,0,false,Christin,75,morenochristin
1394.99,Tran,Fun!23,0,false,Zachary,421,tranzachary
1393.42,Hicks,Fun!23,0,false,Alison,858,hicksalison
1390.54,Ramos,Fun!23,0,false,Eric,480,ramoseric
1389.38,Brown,Fun!23,0,true,Craig,786,browncraig
1366.7,Bradley,Fun!23,0,false,Amy,317,bradleyamy
1362.88,Thomas,Fun!23,0,false,David,274,thomasdavid
1358.23,Elliott,Fun!23,0,false,Carol,947,elliottcarol
1347.79,Ross,Fun!23,0,true,Victor,612,rossvictor
1345.92,Blevins,Fun!23,0,false,John,700,blevinsjohn
1341.7,Rodriguez,Fun!23,0,false,Linda,689,rodriguezlinda
1339.58,Wilkins,Fun!23,0,true,Ryan,454,wilkinsryan
1334.78,Moran,Fun!23,0,false,Alicia,824,moranalicia
1331.45,Brown,Fun!23,0,true,Jamie,1005,brownjamie
1326.78,Weaver,Fun!23,0,false,Tami,517,weavertami
1322.03,Foster,Fun!23,0,false,Daniel,380,fosterdaniel
1320.12,Parrish,Fun!23,0,true,Michael,682,parrishmichael
1316.79,Porter,Fun!23,0,false,Matthew,502,portermatthew
1309.77,Perez,Fun!23,0,false,Matthew,298,perezmatthew
1307.68,Grant,Fun!23,0,false,Derrick,159,grantderrick
1306.14,Bentley,Fun!23,0,true,Ernest,834,bentleyernest
1305.64,Valenzuela,Fun!23,0,false,Brandy,554,valenzuelabrandy
1296.43,Johnson,Fun!23,0,false,Denise,945,johnsondenise
1295.8,Mercado,Fun!23,0,false,Doris,483,mercadodoris
1283.19,Disney,Fun!23,0,true,Gaston,25,gastondisney
1281.61,Booth,Fun!23,0,true,Ray,461,boothray
1281.54,Torres,Fun!23,0,false,Colleen,521,torrescolleen
1274.75,Torres,Fun!23,0,true,Elizabeth,762,torreselizabeth
1129.3999999999999,Ramirez,Fun!23,3,false,Benjamin,406,ramirezbenjamin
1257.4,Staker,Fun!23,0,true,William,92,stakerwilliam
1257.38,Perry,Fun!23,0,false,Stephanie,985,perrystephanie
1251.01,Wright,Fun!23,0,true,Christopher,256,wrightchristopher
1245.1,Romero,Fun!23,0,false,Daniel,292,romerodaniel
1244.88,Price,Fun!23,0,false,Lawrence,614,pricelawrence
1242.67,Obrien,Fun!23,0,false,Stephanie,807,obrienstephanie
1241.32,Davis,Fun!23,0,true,Susan,303,davissusan
1240.42,Wallace,Fun!23,0,false,Brett,889,wallacebrett
1233.56,Burke,Fun!23,0,true,Jason,168,burkejason
1233.49,Zamora,Fun!23,0,false,Philip,165,zamoraphilip
1219.02,Mcneil,Fun!23,0,true,Rodney,751,mcneilrodney
1216.5,Smith,Fun!23,0,false,Alyssa,601,smithalyssa
1131.75,Johnson,Fun!23,3,true,Laurie,863,johnsonlaurie
1206.14,Jones,Fun!23,0,false,Timothy,722,jonestimothy
1189.68,Hughes,Fun!23,0,true,Patricia,1023,hughespatricia
1189.53,Robbins,Fun!23,0,true,Heather,605,robbinsheather
1180.69,Disney,Fun!23,0,true,Jasmine,10,jasminedisney
1092.71,Miller,Fun!23,4,true,Shane,139,millershane
1174.66,Walker,Fun!23,0,false,Angela,552,walkerangela
1170.73,Herman,Fun!23,0,false,Paul,951,hermanpaul
1168.8,Clark,Fun!23,0,true,Thomas,147,clarkthomas
1165.3,Smith,Fun!23,0,false,Megan,764,smithmegan
1153.19,Robles,Fun!23,0,true,Cody,728,roblescody
1150.43,Dunn,Fun!23,0,true,Jesse,898,dunnjesse
1147.63,Mann,Fun!23,0,false,Catherine,769,manncatherine
1138.56,Pruitt,Fun!23,0,true,Michelle,543,pruittmichelle
1036.8999999999999,Raymond,Fun!23,4,false,Debra,804,raymonddebra
1131.63,Holmes,Fun!23,0,true,Ethan,211,holmesethan
1126.65,Johnson,Fun!23,0,false,Michael,994,johnsonmichael
1002.1499999999999,Johnson,Fun!23,5,true,Nicole,425,johnsonnicole
1121.97,Shea,Fun!23,0,true,Alexis,457,sheaalexis
1120.94,Huynh,Fun!23,0,true,Ray,418,huynhray
1116.27,Schaefer,Fun!23,0,true,Craig,276,schaefercraig
1114.53,Rose,Fun!23,0,true,Scott,407,rosescott
1114.52,Atkins,Fun!23,0,true,Andrew,704,atkinsandrew
1111.95,Long,Fun!23,0,false,Amber,628,longamber
1105.95,Yu,Fun!23,0,false,Kelly,231,yukelly
1096.85,Wheeler,Fun!23,0,true,Natasha,378,wheelernatasha
1088.56,Cook,Fun!23,0,true,Cassandra,589,cookcassandra
1088.29,Garcia,Fun!23,0,false,Andrew,184,garciaandrew
1087.1,Cole,Fun!23,0,false,Emily,893,coleemily
1083.29,Grant,Fun!23,0,false,Mary,936,grantmary
1081.82,Cruz,Fun!23,0,false,Holly,738,cruzholly
1077.71,Zuany,Fun!23,0,false,Maria,98,zuanymaria
1069.31,Mahoney,Fun!23,0,true,Kayla,417,mahoneykayla
1068.54,Miller,Fun!23,0,false,Gary,472,millergary
1067.63,Butler,Fun!23,0,false,Mark,1029,butlermark
983.0699999999999,Villanueva,Fun!23,3,true,Donald,928,villanuevadonald
1050.01,Alexander,Fun!23,0,true,Julie,175,alexanderjulie
1043.95,Wheeler,Fun!23,0,true,Christina,356,wheelerchristina
1036.76,Alvarez,Fun!23,0,true,Jeremy,195,alvarezjeremy
1031.78,Moore,Fun!23,0,false,Valerie,357,moorevalerie
1029.61,Blackwell,Fun!23,0,false,Richard,163,blackwellrichard
1023.96,Leblanc,Fun!23,0,false,Robert,580,leblancrobert
987.46,Raymond,Fun!23,0,false,Christopher,475,raymondchristopher
976.21,Watson,Fun!23,0,true,James,924,watsonjames
970.5,Jackson,Fun!23,0,true,Emily,999,jacksonemily
961.43,Wagner,Fun!23,0,true,Marissa,161,wagnermarissa
843.0899999999999,Avery,Fun!23,3,true,Shannon,238,averyshannon
933.83,Irwin,Fun!23,0,true,Derek,490,irwinderek
925.1,Stafford,Fun!23,0,false,Lisa,385,staffordlisa
921.86,Schultz,Fun!23,0,false,Jennifer,680,schultzjennifer
909.7,Hunter,Fun!23,0,false,Anthony,429,hunteranthony
909.38,Henderson,Fun!23,0,true,James,250,hendersonjames
899.14,Torres,Fun!23,0,false,Caroline,354,torrescaroline
896.91,Adams,Fun!23,0,true,Michael,525,adamsmichael
894.09,Bass,Fun!23,0,true,Adam,426,bassadam
892.8,Kennedy,Fun!23,0,true,Suzanne,953,kennedysuzanne
892.5,Strickland,Fun!23,0,true,Terri,484,stricklandterri
878.44,Mills,Fun!23,0,false,David,314,millsdavid
876.26,Clark,Fun!23,0,false,Jason,685,clarkjason
872.92,Foster,Fun!23,0,false,Shirley,217,fostershirley
871.45,Sullivan,Fun!23,0,true,Ryan,558,sullivanryan
862.04,Horton,Fun!23,0,false,Misty,375,hortonmisty
852.22,Wilkerson,Fun!23,0,false,Brandy,777,wilkersonbrandy
850.91,Walker,Fun!23,0,false,Crystal,126,walkercrystal
845.05,Montgomery,Fun!23,0,false,Jesse,246,montgomeryjesse
836.34,Frye,Fun!23,0,true,Jessica,507,fryejessica
835.38,Martinez,Fun!23,0,false,Justin,428,martinezjustin
833.49,Vazquez,Fun!23,3,false,Javier,95,vazquezjavier
821.32,Phillips,Fun!23,0,false,Rachel,326,phillipsrachel
820.26,Young,Fun!23,0,true,Julia,708,youngjulia
820.04,Gordon,Fun!23,0,false,Brandi,491,gordonbrandi
809.54,Diaz,Fun!23,0,false,Hector,53,diazhector
804.4,Contreras,Fun!23,0,true,Jacob,637,contrerasjacob
800.71,Martinez,Fun!23,0,false,Jonathan,815,martinezjonathan
